<?xml version="1.0" encoding="UTF-8"?>
<project version="4">
  <component name="IssueNavigationConfiguration">
    <option name="links">
      <list>
        <IssueNavigationLink>
          <option name="issueRegexp" value="[A-Z]+\-\d+" />
          <option name="linkRegexp" value="http://youtrack.jetbrains.net/issue/$0" />
        </IssueNavigationLink>
      </list>
    </option>
  </component>
  <component name="VcsDirectoryMappings">
    <mapping directory="" vcs="" />
  </component>
</project>

