<?xml version="1.0" encoding="UTF-8"?>
<project version="4">
  <component name="MPSProject">
    <projectModules>
      <modulePath path="$PROJECT_DIR$/languages/secretCompartmentLanguage/jetbrains.mps.samples.secretCompartmentLanguage.mpl" folder="" />
      <modulePath path="$PROJECT_DIR$/solutions/runtime/jetbrains.mps.samples.secretCompartment.runtime.msd" folder="" />
      <modulePath path="$PROJECT_DIR$/solutions/secretCompartmentLanguage.sandbox/secretCompartmentLanguage.sandbox.msd" folder="" />
    </projectModules>
    <genConfs>
      <genConfModule name="secretCompartmentLanguage" moduleRef="jetbrains.mps.samples.secretCompartmentLanguage" />
    </genConfs>
  </component>
</project>

