<?xml version="1.0" encoding="UTF-8"?>
<project version="4">
  <component name="MPSProject">
    <projectModules>
      <modulePath path="$PROJECT_DIR$/../sampleXML/languages/sampleXML/jetbrains.mps.sampleXML.mpl" folder="" />
      <modulePath path="$PROJECT_DIR$/languages/demoLang1/jetbrains.mps.samples.generator_demo.demoLang1.mpl" folder="" />
      <modulePath path="$PROJECT_DIR$/languages/demoLang2/jetbrains.mps.samples.generator_demo.demoLang2.mpl" folder="" />
      <modulePath path="$PROJECT_DIR$/languages/demoLang3/jetbrains.mps.samples.generator_demo.demoLang3.mpl" folder="" />
      <modulePath path="$PROJECT_DIR$/languages/demoLang4/jetbrains.mps.samples.generator_demo.demoLang4.mpl" folder="" />
      <modulePath path="$PROJECT_DIR$/languages/demoLang5/jetbrains.mps.samples.generator_demo.demoLang5.mpl" folder="" />
      <modulePath path="$PROJECT_DIR$/languages/demoLang6/jetbrains.mps.samples.generator_demo.demoLang6.mpl" folder="" />
      <modulePath path="$PROJECT_DIR$/languages/demoLang7/jetbrains.mps.samples.generator_demo.demoLang7.mpl" folder="" />
      <modulePath path="$PROJECT_DIR$/solutions/test_models/jetbrains.mps.samples.generator_demo.test_models.msd" folder="" />
    </projectModules>
    <genConfs>
      <genConfModule name="demoLang1" moduleRef="jetbrains.mps.samples.generator_demo.demoLang1" />
      <genConfModule name="demoLang2" moduleRef="jetbrains.mps.samples.generator_demo.demoLang2" />
      <genConfModule name="demoLang3" moduleRef="jetbrains.mps.samples.generator_demo.demoLang3" />
      <genConfModule name="demoLang4" moduleRef="jetbrains.mps.samples.generator_demo.demoLang4" />
    </genConfs>
  </component>
</project>

